Tempo Classe P1,,,,Valor Classe P1,,,,Tempo Classe P2,,,,Valor Classe P2,,,,Tempo Classe M1,,,,Valor Classe M1,,,,Tempo Classe M2,,,,Valor Classe M2,,,,Tempo Classe G1,,,,Valor Classe G1,,,,Tempo Classe G2,,,,Valor Classe G2,,,
MOPT,BranchBound,MOP,MOT,MOPT,BranchBound,MOP,MOT,MOPT,BranchBound,MOP,MOT,MOPT,BranchBound,MOP,MOT,MOPT,BranchBound,MOP,MOT,MOPT,BranchBound,MOP,MOT,MOPT,BranchBound,MOP,MOT,MOPT,BranchBound,MOP,MOT,MOPT,BranchBound,MOP,MOT,MOPT,BranchBound,MOP,MOT,MOPT,BranchBound,MOP,MOT,MOPT,BranchBound,MOP,MOT
0.000011,0.000007,0.000014,0.000013,3250,3250,300,117,0.000007,0.000020,0.000014,0.000026,184,192,192,43,0.000063,0.000722,0.000138,0.000187,4275,4280,4100,284,0.000065,0.000573,0.000134,0.000173,198,199,199,86,0.000738,0.000729,0.001745,0.001541,5000,5000,5000,300,0.000756,0.069338,0.001718,0.001559,200,200,200,99
0.000006,0.000021,0.000012,0.000012,2622,2622,420,154,0.000006,0.000031,0.000011,0.000012,166,166,100,33,0.000060,0.000087,0.000137,0.000166,4450,4450,2600,292,0.000061,0.000675,0.000134,0.000157,200,200,200,85,0.000764,0.000720,0.001678,0.002340,4950,4950,4500,298,0.000717,0.070799,0.001621,0.001510,200,200,200,97
0.000006,0.000007,0.000012,0.000012,4000,4000,2780,175,0.000007,0.000006,0.000011,0.000012,190,190,100,92,0.000061,0.000671,0.000137,0.000156,3735,3742,2900,278,0.000062,0.000778,0.000133,0.000157,194,197,199,85,0.000722,0.000728,0.001706,0.001563,4900,4900,3800,298,0.000711,0.066328,0.001616,0.001496,200,200,200,94
0.000006,0.042566,0.000015,0.000013,4275,4280,4100,103,0.000008,0.000020,0.000013,0.000013,192,192,100,39,0.000059,0.000082,0.000147,0.000155,5000,5000,5000,262,0.000061,0.000747,0.000142,0.000159,198,199,200,98,0.000725,0.000770,0.001690,0.001511,4950,4950,4500,295,0.000719,0.056189,0.001645,0.001481,200,200,200,97
0.000007,0.000008,0.000013,0.000012,4275,4280,3300,139,0.000006,0.000032,0.000012,0.000013,198,198,100,54,0.000060,0.000084,0.000137,0.000166,4700,4700,1496,286,0.000061,0.000854,0.000134,0.000162,194,197,198,63,0.000965,0.003999,0.001630,0.001470,4950,4950,4100,299,0.000720,0.058567,0.001626,0.001528,200,200,200,94
0.000006,0.000020,0.000012,0.000013,1595,1595,1400,238,0.000006,0.000030,0.000011,0.000012,196,196,100,86,0.000061,0.001021,0.000140,0.000160,4320,4323,1199,260,0.000062,0.000772,0.000143,0.000163,198,199,200,76,0.000637,0.009231,0.001742,0.001553,5000,5000,5000,300,0.000718,0.055049,0.001621,0.001486,200,200,200,84
0.000006,0.000007,0.000012,0.000012,3850,3850,561,65,0.000006,0.000008,0.000011,0.000012,168,170,155,53,0.000060,0.000108,0.000161,0.000183,4950,4950,3599,281,0.000061,0.000783,0.000137,0.000189,194,197,200,90,0.000713,0.000731,0.001722,0.002809,5000,5000,5000,299,0.000716,0.058085,0.001627,0.001518,200,200,200,99
0.000007,0.000006,0.000012,0.000011,2500,2500,1450,229,0.000006,0.000009,0.000011,0.000012,176,188,188,16,0.000060,0.000105,0.001347,0.000218,5000,5000,5000,278,0.000061,0.000797,0.000134,0.000275,200,200,200,79,0.000825,0.001277,0.001642,0.001519,5000,5000,5000,300,0.000718,0.058157,0.001762,0.001500,198,199,200,100
0.000006,0.000212,0.000011,0.000012,2788,2800,487,230,0.000006,0.000052,0.000011,0.000012,184,187,99,10,0.000062,0.000651,0.000147,0.000159,4455,4456,4100,288,0.000061,0.000800,0.000234,0.000167,200,200,200,99,0.000718,0.000723,0.001648,0.001501,5000,5000,5000,300,0.000723,0.058688,0.001657,0.001494,200,200,200,100
0.000007,0.000012,0.000011,0.000012,2905,2908,485,184,0.000006,0.000022,0.000011,0.000012,188,193,198,32,0.000060,0.000140,0.000137,0.000156,4185,4185,1893,238,0.000061,0.000916,0.000240,0.000206,198,199,200,99,0.000733,0.001026,0.003762,0.001877,4950,4950,3800,300,0.000707,0.064262,0.001613,0.001492,200,200,200,100
0.000006,0.000007,0.000012,0.000012,3735,3735,1883,253,0.000007,0.000021,0.000011,0.000012,200,200,200,100,0.000060,0.000086,0.000188,0.000172,4850,4850,2799,274,0.000061,0.000969,0.000145,0.000163,200,200,200,83,0.000720,0.000715,0.001710,0.001528,4950,4950,4500,292,0.000707,0.063729,0.001921,0.001593,200,200,200,93
0.000006,0.000006,0.000012,0.000012,4100,4100,376,138,0.000007,0.000026,0.000011,0.000012,194,194,99,95,0.000061,0.000618,0.000137,0.000154,4410,4410,2500,148,0.000061,0.000697,0.000133,0.000155,178,189,199,43,0.000758,0.000758,0.001663,0.001486,4950,4950,4100,298,0.000766,0.060039,0.001637,0.001492,198,199,200,95
0.000007,0.658633,0.000015,0.000013,2805,2805,1881,41,0.000007,0.000025,0.000011,0.000012,198,198,198,54,0.000060,0.000095,0.000138,0.000157,4750,4750,2000,230,0.000070,0.000702,0.000133,0.000172,198,199,199,96,0.000715,0.000719,0.001677,0.001499,4950,4950,4500,299,0.000710,0.052817,0.001615,0.001494,200,200,200,100
0.000007,0.018603,0.000015,0.000013,3870,3870,498,196,0.000007,0.000016,0.000011,0.000012,194,195,100,16,0.000060,0.000242,0.000141,0.000172,4410,4410,1898,256,0.000062,0.000760,0.000132,0.000162,198,199,200,40,0.012973,0.000737,0.001726,0.001491,4750,4750,4500,300,0.000715,0.059230,0.001704,0.001490,200,200,200,100
0.000007,0.000007,0.000013,0.000012,4450,4450,2600,215,0.000007,0.000015,0.000011,0.000011,190,193,100,74,0.000060,0.000089,0.000138,0.000170,4600,4600,4100,235,0.000061,0.000821,0.000133,0.000168,200,200,200,57,0.000713,0.000718,0.001661,0.002114,5000,5000,5000,293,0.000709,0.062281,0.001612,0.001547,200,200,200,99
0.000007,0.000011,0.000013,0.000013,2905,2918,938,241,0.000007,0.000014,0.000011,0.000012,182,189,100,62,0.000060,0.000222,0.000138,0.000167,3825,3840,3300,222,0.000061,0.000771,0.000132,0.000159,200,200,200,97,0.000739,0.000737,0.001650,0.001487,4950,4950,4500,292,0.000839,0.063016,0.001634,0.001486,200,200,200,99
0.000007,0.000023,0.000012,0.000012,3960,3968,2500,178,0.000006,0.000023,0.000012,0.000012,160,177,100,92,0.000060,0.000084,0.000137,0.000157,4650,4650,4100,266,0.000061,0.000734,0.000133,0.000155,190,195,200,73,0.000689,0.000720,0.001702,0.001604,4900,4900,4100,292,0.000714,0.053170,0.001773,0.001641,200,200,200,100
0.000006,0.006342,0.000013,0.000012,3600,3612,1872,209,0.000007,0.000014,0.000012,0.000012,180,180,100,89,0.000060,0.000092,0.000138,0.000160,4950,4950,1399,270,0.000061,0.000750,0.000132,0.000157,200,200,200,93,0.000737,0.000731,0.001682,0.001555,5000,5000,5000,299,0.000743,0.056816,0.001609,0.001494,196,198,200,100
0.000007,0.000006,0.000012,0.000012,4100,4100,1482,288,0.000007,0.000016,0.000011,0.000012,200,200,200,66,0.000060,0.000087,0.000137,0.000155,4650,4650,1099,265,0.000061,0.000613,0.000133,0.000154,200,200,200,88,0.000718,0.000709,0.001652,0.001488,4950,4950,3800,291,0.000690,0.059799,0.001644,0.001482,200,200,200,99
0.000006,7.102409,0.000015,0.000013,2842,2842,888,267,0.000007,0.000006,0.000012,0.000012,188,188,100,85,0.000060,0.000110,0.000138,0.000166,4600,4600,4500,280,0.000060,0.000769,0.000143,0.000190,188,194,200,34,0.000743,0.000736,0.001633,0.001474,5000,5000,5000,298,0.000739,0.070557,0.001677,0.001549,200,200,200,98
0.000007,0.000008,0.000012,0.000012,2722,2722,893,144,0.000007,0.000033,0.000012,0.000012,172,184,100,48,0.000060,0.000084,0.000167,0.000159,4600,4600,2900,119,0.000061,0.001151,0.000193,0.000173,200,200,200,90,0.000697,0.000711,0.001689,0.001487,5000,5000,5000,299,0.000723,0.062544,0.001628,0.001478,196,198,200,96
0.000007,0.000018,0.000012,0.000013,3154,3171,2900,168,0.000007,0.000025,0.000011,0.000025,186,193,193,80,0.000061,0.000087,0.000138,0.000182,4550,4550,1097,272,0.000061,0.000835,0.000134,0.000156,196,198,200,80,0.000731,0.000752,0.001654,0.001491,4750,4750,4500,296,0.000732,0.054696,0.001618,0.001509,200,200,200,99
0.000007,0.000009,0.000012,0.000012,2407,2407,685,104,0.000006,0.000030,0.000024,0.000011,188,190,99,39,0.000061,0.000088,0.000137,0.000157,4350,4350,1585,285,0.000061,0.000776,0.000132,0.000157,194,197,200,86,0.000702,0.000719,0.001649,0.001632,5000,5000,5000,300,0.000702,0.055945,0.001748,0.001497,196,198,200,96
0.000007,0.009525,0.000014,0.000012,3690,3695,382,192,0.000007,0.000015,0.000011,0.000011,174,183,100,69,0.000060,0.000088,0.000137,0.000157,4650,4650,3100,255,0.000061,0.000536,0.000133,0.000157,200,200,200,94,0.000744,0.000889,0.001783,0.001478,4850,4850,4500,296,0.000703,0.073662,0.001633,0.001641,200,200,200,99
0.000007,0.000006,0.000012,0.000012,3650,3650,1091,259,0.000006,0.000019,0.000011,0.000012,180,180,173,14,0.000061,0.000095,0.000139,0.000179,4900,4900,798,210,0.000062,0.000919,0.000132,0.000170,196,198,200,53,0.000682,0.000717,0.001680,0.001510,5000,5000,5000,300,0.000721,0.061799,0.001635,0.001504,200,200,200,95
0.000007,0.000051,0.000011,0.000012,3735,3742,597,105,0.000006,0.000026,0.000011,0.000012,184,191,100,93,0.000063,0.000277,0.000138,0.000159,3960,3972,3800,256,0.000062,0.000878,0.000135,0.000159,200,200,200,92,0.000829,0.000740,0.001665,0.001480,4550,4550,4500,300,0.000704,0.058540,0.001762,0.001510,200,200,200,99
0.000007,0.000424,0.000012,0.000012,2262,2262,599,62,0.000007,0.000029,0.000011,0.000012,188,188,100,39,0.000061,0.000092,0.000137,0.000165,4850,4850,2397,197,0.000061,0.000740,0.000132,0.000171,194,197,199,93,0.000697,0.000711,0.001648,0.001518,5000,5000,5000,298,0.001238,0.057134,0.001622,0.001461,200,200,200,99
0.000007,0.000006,0.000011,0.000012,3150,3150,572,141,0.000006,0.000015,0.000011,0.000011,180,187,100,34,0.000061,0.000171,0.000137,0.000157,4275,4275,2095,263,0.000061,0.000598,0.000142,0.000156,198,199,200,78,0.000691,0.000719,0.001684,0.001522,5000,5000,5000,296,0.000749,0.055327,0.001605,0.001515,200,200,200,97
0.000008,0.000069,0.000012,0.000012,1848,1848,600,211,0.000007,0.000015,0.000012,0.000012,194,195,100,73,0.000076,0.000090,0.000137,0.000165,4650,4650,3800,254,0.000061,0.000733,0.000134,0.000159,200,200,200,90,0.000704,0.000718,0.001668,0.001515,5000,5000,5000,300,0.000700,0.060316,0.001613,0.001513,200,200,200,99
0.000006,0.000006,0.000012,0.000012,1500,1500,614,249,0.000007,0.000016,0.000012,0.000012,198,198,100,85,0.000060,0.000603,0.000138,0.000157,4455,4455,1297,188,0.000060,0.000629,0.000132,0.000165,196,198,200,90,0.000693,0.000722,0.001656,0.001542,4950,4950,3800,300,0.000739,0.071785,0.001622,0.001493,200,200,200,99
0.000007,0.000006,0.000012,0.000012,3135,3135,567,155,0.000006,0.000017,0.000011,0.000012,184,191,198,26,0.000103,0.000137,0.000671,0.000229,4800,4800,695,271,0.000061,0.000959,0.000133,0.000157,188,194,200,94,0.000710,0.000717,0.001695,0.001546,4950,4950,4100,300,0.000740,0.062358,0.001626,0.001502,200,200,200,100
0.000007,0.000006,0.000012,0.000011,5000,5000,5000,272,0.000007,0.000014,0.000011,0.000012,178,189,200,56,0.000061,0.000094,0.000192,0.000176,4650,4650,1297,281,0.000062,0.000579,0.000134,0.000167,188,194,200,45,0.000750,0.000709,0.001708,0.001466,4900,4900,3300,300,0.000714,0.062922,0.001635,0.001491,200,200,200,98
0.000007,0.000006,0.000012,0.000033,3000,3000,660,87,0.000007,0.000017,0.000012,0.000013,200,200,200,86,0.000060,0.000114,0.000139,0.000196,4900,4900,1000,279,0.000062,0.000713,0.000358,0.000428,198,199,200,97,0.000697,0.000717,0.001730,0.001512,4950,4950,4100,298,0.000778,0.057775,0.001613,0.001488,200,200,200,95
0.000007,0.000031,0.000012,0.000012,2565,2567,496,236,0.000007,0.000018,0.000012,0.000012,192,196,196,55,0.000061,0.000362,0.000138,0.000160,4500,4500,4500,254,0.000061,0.000633,0.000133,0.000158,200,200,200,75,0.000720,0.000779,0.001690,0.001488,4950,4950,4500,299,0.000708,0.059232,0.001624,0.001495,198,199,200,100
0.000007,0.000006,0.000011,0.000012,2883,2883,1782,126,0.000006,0.000014,0.000011,0.000012,198,198,198,69,0.000060,0.000092,0.000148,0.000159,4950,4950,1196,259,0.000060,0.000526,0.000132,0.000154,198,199,200,83,0.000717,0.000749,0.001732,0.001491,5000,5000,5000,295,0.000698,0.061795,0.001608,0.001478,200,200,200,100
0.000007,2.579086,0.000013,0.000013,2937,2944,500,156,0.000007,0.000025,0.000011,0.000012,186,186,100,98,0.000061,0.000098,0.000158,0.000162,4800,4800,700,221,0.000061,0.000581,0.000134,0.000156,198,199,200,52,0.000716,0.000736,0.001745,0.001476,5000,5000,5000,293,0.000708,0.054549,0.001616,0.001485,198,199,200,97
0.000019,0.000017,0.000011,0.000012,2813,2815,631,208,0.000006,0.000006,0.000011,0.000011,194,194,100,80,0.000061,0.000088,0.000158,0.000171,3800,3800,996,229,0.000061,0.000833,0.000133,0.000157,198,199,200,91,0.000901,0.000715,0.001694,0.001532,4700,4700,3800,293,0.000783,0.057252,0.001630,0.001480,200,200,200,94
0.000006,0.003164,0.000013,0.000012,2263,2264,681,140,0.000006,0.000029,0.000011,0.000012,166,171,100,73,0.000088,0.000207,0.000157,0.000158,4410,4410,1799,274,0.000061,0.000850,0.000132,0.000156,198,199,200,94,0.000698,0.000714,0.001642,0.001479,4850,4850,4500,295,0.000716,0.055139,0.001623,0.001491,198,199,200,96
0.000020,0.000011,0.000012,0.000011,4410,4410,1296,151,0.000006,0.000013,0.000011,0.000012,200,200,200,50,0.000061,0.000287,0.000138,0.000192,3762,3762,1441,277,0.000061,0.000701,0.000142,0.000157,198,199,200,80,0.000857,0.000778,0.001705,0.001475,4950,4950,4500,296,0.000730,0.058088,0.001614,0.001493,200,200,200,100
0.000006,0.000007,0.000011,0.000012,2850,2850,1000,255,0.000007,0.000029,0.000011,0.000012,180,189,100,21,0.000079,0.000108,0.000140,0.000171,4800,4800,2796,177,0.000061,0.000761,0.000131,0.000156,196,198,200,83,0.000699,0.000743,0.001642,0.001492,4850,4850,4500,300,0.000723,0.056147,0.001622,0.001482,200,200,200,97
0.000006,0.000016,0.000011,0.000024,2542,2563,457,119,0.000007,0.000019,0.000011,0.000011,196,196,100,15,0.000061,0.000097,0.000140,0.000165,4700,4700,2099,295,0.000060,0.000774,0.000142,0.000157,198,199,200,19,0.000693,0.000745,0.001757,0.001621,4850,4850,4500,298,0.000751,0.058096,0.001626,0.001459,198,199,200,94
0.000008,0.000008,0.000013,0.000013,2318,2318,519,144,0.000007,0.000019,0.000011,0.000012,194,194,100,84,0.000061,0.000096,0.000138,0.000167,4400,4400,1600,230,0.000060,0.000620,0.000133,0.000163,200,200,200,94,0.000688,0.000722,0.001669,0.001472,5000,5000,5000,296,0.000707,0.057872,0.001647,0.001480,198,199,200,99
0.000006,0.000011,0.000013,0.000013,3306,3306,594,263,0.000006,0.000022,0.000011,0.000012,188,188,100,34,0.000070,0.000103,0.000139,0.000161,4100,4156,4100,240,0.000062,0.000873,0.000134,0.000159,194,197,200,85,0.000715,0.000957,0.001896,0.001622,4850,4850,3597,298,0.000754,0.053826,0.001619,0.001682,200,200,200,97
0.000007,0.000007,0.000012,0.000013,3645,3645,962,220,0.000006,0.000017,0.000012,0.000012,176,180,98,63,0.000072,0.000091,0.000137,0.000160,4800,4800,1298,251,0.000061,0.001079,0.000144,0.000159,194,197,199,74,0.000769,0.000709,0.001664,0.001486,4900,4900,4500,293,0.000708,0.058621,0.001631,0.001498,200,200,200,99
0.000006,0.000013,0.000013,0.000013,4005,4006,786,59,0.000006,0.000015,0.000022,0.000012,194,197,197,62,0.000061,0.000107,0.000138,0.000161,4950,4950,2000,293,0.000061,0.000746,0.000132,0.000155,198,199,200,94,0.000701,0.000738,0.001686,0.001521,5000,5000,5000,297,0.000712,0.056390,0.001639,0.001523,200,200,200,96
0.000008,0.000007,0.000013,0.000013,2602,2602,1494,233,0.000007,0.000007,0.000011,0.000012,194,197,197,62,0.000061,0.000093,0.000148,0.000159,4500,4500,3590,249,0.000061,0.000852,0.000132,0.000155,196,198,200,91,0.000690,0.000719,0.001644,0.001509,5000,5000,5000,298,0.000940,0.057856,0.001628,0.001481,200,200,200,95
0.000007,0.000013,0.000013,0.000013,3290,3290,1264,161,0.000006,0.000018,0.000011,0.000012,182,188,100,92,0.000061,0.000375,0.000137,0.000159,4455,4455,1399,165,0.000060,0.000730,0.000133,0.000156,194,197,200,82,0.000700,0.000735,0.001676,0.001927,4950,4950,3800,289,0.000705,0.063399,0.001652,0.001482,200,200,200,99
0.000007,0.000025,0.000026,0.000012,2480,2480,508,105,0.000006,0.000018,0.000012,0.000012,180,186,100,41,0.000061,0.000110,0.000138,0.000165,4800,4800,2099,265,0.000061,0.000810,0.000133,0.000158,200,200,200,87,0.000712,0.000719,0.001634,0.001478,4950,4950,3599,299,0.000757,0.071811,0.001616,0.001501,200,200,200,99
0.000007,0.000007,0.000013,0.000025,3195,3195,483,98,0.000007,0.000024,0.000012,0.000012,188,188,100,22,0.000061,0.000117,0.000139,0.000174,4500,4500,2099,292,0.000061,0.000774,0.000133,0.000158,200,200,200,79,0.000694,0.000786,0.001652,0.001478,4750,4750,4500,295,0.000737,0.065734,0.001628,0.001506,200,200,200,98
0.000007,0.000007,0.000013,0.000013,4700,4700,1200,271,0.000007,0.000031,0.000026,0.000012,186,193,193,39,0.000061,0.000100,0.000168,0.000180,4750,4750,1099,245,0.000072,0.000756,0.000133,0.000168,196,198,200,80,0.000728,0.000720,0.001649,0.001525,5000,5000,5000,299,0.000750,0.062807,0.001960,0.001488,198,199,200,97
0.000008,0.000022,0.000013,0.000013,3154,3154,298,276,0.000007,0.000018,0.000012,0.000012,200,200,200,50,0.000061,0.000126,0.000196,0.000194,4750,4750,4500,261,0.000060,0.000631,0.000132,0.000155,200,200,200,35,0.000720,0.000751,0.001634,0.001498,5000,5000,5000,297,0.000703,0.056491,0.001607,0.001497,198,199,200,98
0.000007,0.000015,0.000012,0.000035,2665,2665,1186,106,0.000007,0.000030,0.000012,0.000012,190,190,99,76,0.000061,0.000096,0.000158,0.000196,4650,4650,1098,280,0.000072,0.000676,0.000132,0.000157,198,199,200,73,0.000819,0.000717,0.001676,0.001490,4950,4950,3800,298,0.000757,0.062403,0.001666,0.001575,200,200,200,100
0.000006,0.000007,0.000012,0.000011,3465,3498,3465,115,0.000006,0.000021,0.000012,0.000013,198,198,198,66,0.000375,0.000107,0.000141,0.000159,4200,4200,1300,272,0.000063,0.000869,0.000134,0.000162,196,198,200,81,0.000734,0.000720,0.001660,0.001480,4750,4750,4100,299,0.000719,0.058541,0.001624,0.001483,198,199,200,100
0.000007,0.000006,0.000011,0.000011,4275,4275,584,137,0.000007,0.000023,0.000030,0.000013,198,198,198,12,0.000097,0.000108,0.000151,0.000184,4900,4900,4100,298,0.000061,0.000813,0.000133,0.000159,196,198,200,41,0.000719,0.000748,0.001673,0.001514,4900,4900,4500,297,0.000706,0.061468,0.001696,0.001524,200,200,200,99
0.000006,1.035136,0.000014,0.000012,4320,4320,696,53,0.000007,0.000040,0.000012,0.000013,200,200,200,42,0.000082,0.000560,0.000141,0.000170,4365,4368,3100,272,0.000061,0.000762,0.000133,0.000158,182,191,200,55,0.000699,0.000717,0.001682,0.001479,4950,4950,4500,293,0.000715,0.053557,0.001610,0.001537,200,200,200,100
0.000006,0.000006,0.000012,0.000012,4050,4050,1197,264,0.000007,0.000016,0.000103,0.000012,194,197,200,53,0.000061,0.000097,0.000139,0.000161,4600,4600,2600,262,0.000061,0.000795,0.000134,0.000169,196,198,200,11,0.000685,0.000719,0.001702,0.001496,5000,5000,5000,297,0.000729,0.062039,0.002067,0.001929,200,200,200,99
0.000006,0.000007,0.000012,0.000012,3116,3116,895,184,0.000006,0.000070,0.000025,0.000012,176,183,100,66,0.000061,0.000147,0.000136,0.000160,3977,4008,2397,284,0.000061,0.000871,0.000144,0.000157,196,198,200,84,0.000702,0.000711,0.001650,0.001493,4950,4950,3800,299,0.000954,0.058290,0.001633,0.001519,200,200,200,100
0.000006,0.000006,0.000011,0.000011,3550,3550,655,193,0.000007,0.000062,0.000012,0.000026,174,174,99,38,0.000061,0.000093,0.000139,0.000161,4350,4350,1500,200,0.000061,0.000500,0.000133,0.000155,200,200,200,75,0.000698,0.000722,0.001952,0.001671,4850,4850,4500,298,0.000798,0.059330,0.001619,0.001497,200,200,200,99
0.000007,0.000007,0.000012,0.000012,2376,2376,495,263,0.000006,0.000009,0.000012,0.000013,198,198,100,22,0.000061,0.000763,0.000162,0.000158,4500,4500,4500,242,0.000061,0.000560,0.000133,0.000175,200,200,200,81,0.000691,0.000721,0.001697,0.001491,5000,5000,5000,298,0.000706,0.060094,0.001615,0.001516,200,200,200,97
0.000006,0.000009,0.000011,0.000011,2625,2625,571,152,0.000008,0.000024,0.000012,0.000012,194,194,100,52,0.000060,0.000087,0.000148,0.000157,5000,5000,5000,299,0.000061,0.000803,0.000195,0.000169,192,196,200,81,0.000725,0.000781,0.001666,0.001523,5000,5000,5000,298,0.000713,0.058209,0.001604,0.001503,200,200,200,90
0.000007,0.000060,0.000012,0.000012,3686,3688,600,147,0.000007,0.000019,0.000024,0.000012,196,196,100,90,0.000061,0.000115,0.000161,0.000239,3813,3856,2193,167,0.000060,0.000756,0.000133,0.000158,200,200,200,46,0.000708,0.000718,0.001640,0.001484,5000,5000,5000,298,0.000732,0.061429,0.001624,0.001517,200,200,200,98
0.000030,0.000010,0.000013,0.000025,2403,2403,700,72,0.000007,0.000082,0.000030,0.000029,182,182,100,99,0.000060,0.000088,0.000157,0.000158,4950,4950,1597,268,0.000061,0.000642,0.000150,0.000186,198,199,199,56,0.000685,0.000724,0.001651,0.001502,4900,4900,4100,298,0.000702,0.060969,0.001615,0.001497,200,200,200,94
0.000006,0.000039,0.000025,0.000012,3517,3517,3517,111,0.000007,0.000007,0.000012,0.000026,200,200,200,31,0.000103,0.000097,0.000138,0.000157,5000,5000,5000,291,0.000229,0.000829,0.000135,0.000179,192,196,200,98,0.000693,0.000720,0.001649,0.001542,4900,4900,4500,294,0.000718,0.060402,0.001606,0.001542,198,199,200,99
0.000007,0.000008,0.000012,0.000024,3075,3085,572,177,0.000007,0.000052,0.000012,0.000013,180,180,98,83,0.000061,0.000487,0.000169,0.000198,4100,4110,4100,249,0.000061,0.000722,0.000133,0.000164,196,198,200,19,0.000698,0.000731,0.001638,0.001560,5000,5000,5000,296,0.000708,0.055890,0.001628,0.001491,200,200,200,99
0.000007,0.000007,0.000013,0.000012,3750,3750,3069,237,0.000007,0.000018,0.000012,0.000026,186,186,186,86,0.000059,0.000090,0.000136,0.000157,4450,4450,2796,260,0.000061,0.000778,0.000133,0.000160,188,193,100,75,0.000766,0.000734,0.001703,0.001551,4700,4700,4500,285,0.000723,0.052462,0.001676,0.001498,200,200,200,99
0.000007,0.000019,0.000025,0.000012,4950,4950,3599,82,0.000007,0.000017,0.000040,0.000012,194,196,100,94,0.000061,0.000096,0.000149,0.000189,4750,4750,1394,285,0.000061,0.000666,0.000132,0.000156,198,199,200,99,0.000704,0.000735,0.001661,0.001521,4950,4950,3100,297,0.000748,0.059396,0.001611,0.001478,200,200,200,96
0.000006,0.000006,0.000012,0.000013,4150,4150,300,200,0.000006,0.000039,0.000012,0.000025,200,200,200,40,0.000061,0.000219,0.000149,0.000529,3813,3860,2193,82,0.000061,0.000680,0.000132,0.000156,200,200,200,94,0.000940,0.000730,0.001723,0.001479,5000,5000,5000,297,0.000703,0.058981,0.001668,0.001491,200,200,200,98
0.000006,0.000010,0.000025,0.000022,2047,2092,494,198,0.000007,0.000034,0.000012,0.000012,184,184,100,69,0.000061,0.000805,0.000140,0.000159,3960,3972,3100,292,0.000061,0.000679,0.000132,0.000154,196,198,200,35,0.000721,0.000708,0.001661,0.001528,5000,5000,5000,297,0.000704,0.063526,0.001621,0.001477,198,199,200,97
0.000007,0.000007,0.000012,0.000012,3300,3300,3300,230,0.000020,0.000013,0.000011,0.000031,186,186,100,47,0.000063,0.000177,0.000138,0.000173,4500,4500,4500,277,0.000061,0.000729,0.000132,0.000154,194,197,200,68,0.000737,0.000725,0.001655,0.001503,4950,4950,4100,298,0.000727,0.056640,0.001643,0.001475,200,200,200,100
0.000006,0.000007,0.000012,0.000012,3526,3526,1058,157,0.000006,0.000026,0.000011,0.000012,200,200,200,15,0.000061,0.000105,0.000140,0.000170,4650,4650,2600,275,0.000061,0.000776,0.000132,0.000154,198,199,200,93,0.000696,0.000716,0.001668,0.001501,4900,4900,4500,293,0.000767,0.063182,0.001631,0.001475,200,200,200,98
0.000008,0.000008,0.000013,0.000014,4095,4095,942,283,0.000007,0.000027,0.000011,0.000012,198,198,198,78,0.000060,0.000087,0.000136,0.000155,4850,4850,1296,271,0.000060,0.000820,0.000132,0.000156,198,199,200,96,0.000968,0.000781,0.001707,0.001482,4950,4950,4500,300,0.000722,0.056811,0.001646,0.001505,200,200,200,98
0.000007,0.000007,0.000012,0.000012,2655,2655,866,121,0.000006,0.000040,0.000011,0.000012,200,200,200,30,0.000061,0.000089,0.000137,0.000158,4900,4900,3598,233,0.000061,0.000615,0.000194,0.000169,194,197,200,72,0.000695,0.000732,0.001709,0.001509,4950,4950,4100,296,0.000695,0.052726,0.001651,0.001503,200,200,200,98
0.000006,0.000007,0.000012,0.000012,3350,3350,300,221,0.000007,0.000026,0.000011,0.000011,190,190,100,57,0.000060,0.000076,0.000138,0.000159,4750,4750,999,256,0.000061,0.000846,0.000355,0.000178,198,199,200,99,0.000712,0.000721,0.001981,0.001504,5000,5000,5000,296,0.000728,0.058188,0.001671,0.001512,200,200,200,100
0.000006,0.000006,0.000038,0.000012,5000,5000,5000,173,0.000007,0.000020,0.000012,0.000012,200,200,200,72,0.000062,0.000164,0.000138,0.000166,4500,4500,4500,263,0.000061,0.000973,0.000155,0.000187,198,199,200,65,0.000697,0.000705,0.001696,0.001479,4950,4950,4500,299,0.000718,0.062001,0.001642,0.001473,200,200,200,95
0.000007,0.000006,0.000025,0.000012,4600,4600,1287,167,0.000007,0.000017,0.000024,0.000012,192,195,195,89,0.000061,0.000100,0.000139,0.000150,3700,3700,2500,271,0.000061,0.000700,0.000133,0.000157,196,198,200,91,0.000690,0.000717,0.001689,0.001671,4950,4950,4100,296,0.000698,0.064274,0.001601,0.001489,200,200,200,98
0.000006,0.000022,0.000012,0.000013,2607,2607,676,111,0.000006,0.000020,0.000011,0.000012,194,194,194,19,0.000061,0.000154,0.000139,0.000170,4365,4365,2900,283,0.000061,0.000699,0.000132,0.000169,200,200,200,34,0.000712,0.000738,0.001704,0.001477,4850,4850,4500,299,0.000693,0.060493,0.001623,0.001488,200,200,200,99
0.000007,0.000010,0.000011,0.000012,2964,2970,594,227,0.000007,0.000030,0.000011,0.000012,192,192,99,32,0.000061,0.000093,0.000137,0.000158,4150,4150,3100,290,0.000060,0.000752,0.000175,0.000167,198,199,200,85,0.000697,0.000716,0.001662,0.001582,4950,4950,4100,300,0.000709,0.069853,0.001611,0.001497,200,200,200,95
0.000006,0.000623,0.000012,0.000012,4230,4230,2600,193,0.000007,0.000021,0.000011,0.000012,188,188,100,97,0.000062,0.000094,0.000138,0.000163,4550,4550,1100,278,0.000061,0.000685,0.000131,0.000168,194,197,200,61,0.000730,0.000718,0.001682,0.001469,4750,4750,4100,290,0.000675,0.055227,0.001638,0.001650,200,200,200,95
0.000006,0.000009,0.000012,0.000012,3239,3239,693,185,0.000007,0.000037,0.000012,0.000012,176,176,100,79,0.000087,0.000100,0.000164,0.000241,5000,5000,5000,291,0.000061,0.000799,0.000154,0.000156,194,197,200,100,0.000699,0.000706,0.001644,0.001481,4850,4850,4500,298,0.000746,0.062108,0.001641,0.001495,200,200,200,100
0.000006,0.000006,0.000011,0.000012,4150,4150,1865,211,0.000007,0.000031,0.000011,0.000011,194,194,99,55,0.000129,0.000106,0.000140,0.000167,3850,3850,3300,282,0.000061,0.000644,0.000133,0.000168,194,197,200,86,0.000792,0.000708,0.001693,0.001573,4750,4750,3595,296,0.000700,0.061046,0.001629,0.001533,200,200,200,93
0.000007,0.000006,0.000012,0.000012,2883,2883,1080,222,0.000007,0.000039,0.000012,0.000012,196,196,99,81,0.000843,0.000177,0.000346,0.000182,4500,4500,2093,260,0.000061,0.000719,0.000131,0.000171,198,199,199,74,0.000687,0.000715,0.001660,0.001469,5000,5000,5000,298,0.000831,0.053304,0.001621,0.001480,198,199,200,99
0.000006,0.000008,0.000012,0.000026,4059,4106,1191,79,0.000007,0.000038,0.000012,0.000012,200,200,200,85,0.000085,0.000099,0.000138,0.000160,4950,4950,1099,243,0.000061,0.000670,0.000132,0.000170,198,199,199,90,0.000734,0.000804,0.001676,0.001475,4750,4750,4100,294,0.000735,0.057125,0.001613,0.001487,198,199,200,94
0.000007,0.000006,0.000013,0.000035,4000,4000,490,191,0.000007,0.000022,0.000012,0.000012,196,196,196,88,0.000062,0.000146,0.000154,0.000162,3936,3976,1500,291,0.000061,0.000860,0.000327,0.000189,200,200,200,100,0.000715,0.000735,0.001668,0.001487,5000,5000,5000,296,0.000697,0.061228,0.001652,0.001548,200,200,200,98
0.000007,0.000011,0.000013,0.000012,4100,4108,4100,89,0.000007,0.000018,0.000011,0.000012,184,190,100,34,0.000061,0.000211,0.000159,0.000173,3403,3440,2290,130,0.000061,0.000778,0.000234,0.000196,190,194,100,96,0.000710,0.001025,0.001768,0.001502,5000,5000,5000,296,0.000693,0.058420,0.001636,0.001487,198,199,200,99
0.000007,0.000006,0.000012,0.000012,2937,2937,797,129,0.000007,0.000021,0.000011,0.000012,190,192,100,100,0.000072,0.000094,0.000139,0.000167,4400,4400,1488,184,0.000061,0.000839,0.000133,0.000158,200,200,200,77,0.000708,0.000794,0.001641,0.001519,4950,4950,4500,292,0.000761,0.062271,0.001617,0.001534,200,200,200,99
0.000007,0.000019,0.000013,0.000013,3500,3500,369,231,0.000007,0.000021,0.000011,0.000012,184,187,100,45,0.000063,0.000078,0.000139,0.000148,4600,4600,1492,283,0.000062,0.000793,0.000133,0.000158,198,199,200,94,0.000783,0.000890,0.001781,0.001485,4850,4850,4100,297,0.000788,0.057821,0.001610,0.001501,200,200,200,99
0.000007,0.000011,0.000012,0.000034,2660,2683,681,202,0.000007,0.000023,0.000012,0.000012,188,194,194,99,0.000074,0.000095,0.000139,0.000163,4450,4450,1900,160,0.000061,0.000766,0.000133,0.000180,194,197,200,81,0.000713,0.000728,0.001647,0.001495,4950,4950,4100,293,0.000812,0.061845,0.001694,0.001579,200,200,200,95
0.000008,0.000053,0.000013,0.000012,3936,3936,2000,126,0.000007,0.000020,0.000012,0.000012,200,200,200,89,0.000061,0.000093,0.000137,0.000161,5000,5000,5000,273,0.000061,0.000818,0.000146,0.000156,200,200,200,71,0.000837,0.001050,0.001696,0.001479,4950,4950,4100,298,0.000790,0.058619,0.001632,0.001482,200,200,200,94
0.000008,0.000007,0.000012,0.000012,4450,4450,2374,174,0.000007,0.000016,0.000011,0.000012,184,189,99,87,0.000062,0.000158,0.000149,0.000162,4230,4235,1799,211,0.000061,0.000705,0.000132,0.000170,186,193,200,95,0.000705,0.000717,0.001654,0.001545,4950,4950,4100,300,0.000723,0.055941,0.001628,0.001487,200,200,200,96
0.000006,0.000006,0.000012,0.000012,4455,4455,4455,272,0.000006,0.000016,0.000011,0.000012,176,186,99,55,0.000060,0.000096,0.000137,0.000162,4650,4650,1298,253,0.000061,0.000762,0.000163,0.000157,200,200,200,100,0.000701,0.000839,0.001805,0.001499,4850,4850,4500,294,0.000711,0.058804,0.001841,0.001595,200,200,200,98
0.000007,0.000007,0.000012,0.000012,2195,2195,758,269,0.000006,0.000019,0.000011,0.000011,166,182,100,59,0.000061,0.000227,0.000137,0.000158,4185,4192,3800,277,0.000060,0.000774,0.000145,0.000156,200,200,200,86,0.000698,0.000725,0.001668,0.001492,5000,5000,5000,296,0.000793,0.056359,0.001622,0.001492,200,200,200,97
0.000009,0.000010,0.000050,0.000014,2583,2583,690,169,0.000006,0.000014,0.000011,0.000012,174,186,186,99,0.000061,0.000094,0.000137,0.000161,4950,4950,1900,220,0.000061,0.000655,0.000132,0.000169,194,197,197,82,0.000722,0.000712,0.001802,0.001593,5000,5000,5000,300,0.000704,0.057601,0.001622,0.001488,200,200,200,94
0.000007,0.000008,0.000168,0.000014,1995,2032,390,196,0.000006,0.000016,0.000012,0.000012,178,184,100,73,0.000061,0.000089,0.000138,0.000156,3500,3500,2600,245,0.000062,0.000704,0.000143,0.000159,192,195,124,87,0.000692,0.000719,0.001679,0.001482,4950,4950,4500,295,0.000719,0.053604,0.001620,0.001498,198,199,200,95
0.000007,0.000006,0.000012,0.000012,3250,3250,883,237,0.000007,0.000017,0.000011,0.000012,190,190,188,91,0.000061,0.000582,0.000139,0.000160,3915,3928,3100,293,0.000061,0.000764,0.000149,0.000231,192,196,200,79,0.000734,0.000717,0.001642,0.001532,4850,4850,3800,297,0.000698,0.062803,0.001650,0.001533,200,200,200,99
0.000007,0.000008,0.000084,0.000032,3690,3690,471,165,0.000007,0.000033,0.000012,0.000012,182,188,100,49,0.000162,0.000209,0.000270,0.000229,3608,3656,700,231,0.000061,0.000731,0.000133,0.000157,200,200,200,86,0.000686,0.000707,0.001760,0.001495,4600,4600,4500,295,0.000705,0.064316,0.001637,0.001493,198,199,200,98
0.000007,0.003017,0.000013,0.000012,2739,2739,593,127,0.000007,0.000026,0.000011,0.000012,190,193,99,70,0.000061,0.000173,0.000150,0.000415,4005,4016,3100,216,0.000061,0.000586,0.000133,0.000156,198,199,200,85,0.000721,0.000743,0.001737,0.001786,5000,5000,5000,300,0.000724,0.059907,0.001651,0.001529,198,199,200,100
0.000007,0.000008,0.000011,0.000012,3362,3362,1882,151,0.000007,0.000028,0.000011,0.000012,184,184,100,74,0.000061,0.000110,0.000139,0.000194,4650,4650,2797,278,0.000061,0.000882,0.000215,0.000172,200,200,200,76,0.000720,0.000716,0.001736,0.001507,5000,5000,5000,300,0.000725,0.058451,0.001628,0.001499,200,200,200,99
0.000007,0.048239,0.000015,0.000012,1360,1389,668,149,0.000006,0.000009,0.000011,0.000012,168,168,168,49,0.000085,0.000116,0.000162,0.000163,4950,4950,1900,284,0.000060,0.000821,0.000133,0.000166,200,200,200,93,0.000704,0.000650,0.002219,0.001474,4950,4950,3300,298,0.000738,0.054574,0.001629,0.001537,200,200,200,96
0.000007,0.000007,0.000012,0.000012,4185,4185,597,132,0.000006,0.000025,0.000011,0.000012,198,199,200,83,0.000061,0.000380,0.000137,0.000141,3870,3884,3577,272,0.000061,0.000705,0.000133,0.000191,194,197,200,100,0.000702,0.000717,0.001643,0.001476,4950,4950,4500,298,0.000712,0.061192,0.001619,0.001479,198,199,200,100
0.000007,0.000156,0.000012,0.000012,2009,2009,889,194,0.000007,0.000022,0.000011,0.000012,178,189,200,41,0.000061,0.000094,0.000137,0.000145,3700,3700,2000,270,0.000060,0.000858,0.000133,0.000157,198,198,100,65,0.000701,0.000706,0.001693,0.001523,5000,5000,5000,294,0.000719,0.058284,0.001616,0.001525,198,199,200,98